atributo,tipo,descrição,domínio,obrigatório,linhagem
duration,numérico (inteiro),Duração da conexão em segundos,0 a 57.715,Sim (não admite nulo),"NSL-KDD (CIC/UNB), KDDTrain+/KDDTest+, coletado em 26/09/2026"
protocol_type,categórico,"Protocolo de transporte (tcp, udp, icmp)","3 categorias: icmp, tcp, udp",Sim (não admite nulo),"NSL-KDD (CIC/UNB), KDDTrain+/KDDTest+, coletado em 26/09/2026"
service,categórico,"Serviço de destino (http, ftp, smtp, private...)","70 categorias: IRC, X11, Z39_50, aol, auth, bgp ...",Sim (não admite nulo),"NSL-KDD (CIC/UNB), KDDTrain+/KDDTest+, coletado em 26/09/2026"
flag,categórico,"Estado final da conexão TCP (SF = normal, S0 = sem resposta, REJ = rejeitada...)","11 categorias: OTH, REJ, RSTO, RSTOS0, RSTR, S0 ...",Sim (não admite nulo),"NSL-KDD (CIC/UNB), KDDTrain+/KDDTest+, coletado em 26/09/2026"
src_bytes,numérico (inteiro),Bytes enviados da origem para o destino,0 a 1.379.963.888,Sim (não admite nulo),"NSL-KDD (CIC/UNB), KDDTrain+/KDDTest+, coletado em 26/09/2026"
dst_bytes,numérico (inteiro),Bytes enviados do destino para a origem,0 a 1.309.937.401,Sim (não admite nulo),"NSL-KDD (CIC/UNB), KDDTrain+/KDDTest+, coletado em 26/09/2026"
land,booleano (0/1),1 se origem e destino têm mesmo IP e porta (sinal de ataque land),"{0, 1}",Sim (não admite nulo),"NSL-KDD (CIC/UNB), KDDTrain+/KDDTest+, coletado em 26/09/2026"
wrong_fragment,numérico (inteiro),Número de fragmentos de pacote com erro,0 a 3,Sim (não admite nulo),"NSL-KDD (CIC/UNB), KDDTrain+/KDDTest+, coletado em 26/09/2026"
urgent,numérico (inteiro),Número de pacotes marcados como urgentes,0 a 3,Sim (não admite nulo),"NSL-KDD (CIC/UNB), KDDTrain+/KDDTest+, coletado em 26/09/2026"
hot,numérico (inteiro),"Número de indicadores ""quentes"" (acesso a diretórios de sistema, execução de programas)",0 a 101,Sim (não admite nulo),"NSL-KDD (CIC/UNB), KDDTrain+/KDDTest+, coletado em 26/09/2026"
num_failed_logins,numérico (inteiro),Tentativas de login que falharam,0 a 5,Sim (não admite nulo),"NSL-KDD (CIC/UNB), KDDTrain+/KDDTest+, coletado em 26/09/2026"
logged_in,booleano (0/1),1 se o login foi bem-sucedido,"{0, 1}",Sim (não admite nulo),"NSL-KDD (CIC/UNB), KDDTrain+/KDDTest+, coletado em 26/09/2026"
num_compromised,numérico (inteiro),Número de condições de comprometimento detectadas,0 a 7.479,Sim (não admite nulo),"NSL-KDD (CIC/UNB), KDDTrain+/KDDTest+, coletado em 26/09/2026"
root_shell,booleano (0/1),1 se obteve terminal de administrador (root),"{0, 1}",Sim (não admite nulo),"NSL-KDD (CIC/UNB), KDDTrain+/KDDTest+, coletado em 26/09/2026"
su_attempted,numérico (inteiro),1 se tentou o comando su (trocar para root),0 a 2,Sim (não admite nulo),"NSL-KDD (CIC/UNB), KDDTrain+/KDDTest+, coletado em 26/09/2026"
num_root,numérico (inteiro),Número de acessos como root,0 a 7.468,Sim (não admite nulo),"NSL-KDD (CIC/UNB), KDDTrain+/KDDTest+, coletado em 26/09/2026"
num_file_creations,numérico (inteiro),Número de arquivos criados,0 a 100,Sim (não admite nulo),"NSL-KDD (CIC/UNB), KDDTrain+/KDDTest+, coletado em 26/09/2026"
num_shells,numérico (inteiro),Número de terminais abertos,0 a 5,Sim (não admite nulo),"NSL-KDD (CIC/UNB), KDDTrain+/KDDTest+, coletado em 26/09/2026"
num_access_files,numérico (inteiro),Operações em arquivos de controle de acesso,0 a 9,Sim (não admite nulo),"NSL-KDD (CIC/UNB), KDDTrain+/KDDTest+, coletado em 26/09/2026"
num_outbound_cmds,numérico (inteiro),Comandos de saída em sessões FTP,0 a 0,Sim (não admite nulo),"NSL-KDD (CIC/UNB), KDDTrain+/KDDTest+, coletado em 26/09/2026"
is_host_login,booleano (0/1),1 se o login pertence à lista de hosts,"{0, 1}",Sim (não admite nulo),"NSL-KDD (CIC/UNB), KDDTrain+/KDDTest+, coletado em 26/09/2026"
is_guest_login,booleano (0/1),1 se o login foi como convidado (guest),"{0, 1}",Sim (não admite nulo),"NSL-KDD (CIC/UNB), KDDTrain+/KDDTest+, coletado em 26/09/2026"
count,numérico (inteiro),Conexões para o mesmo host nos últimos 2 segundos,0 a 511,Sim (não admite nulo),"NSL-KDD (CIC/UNB), KDDTrain+/KDDTest+, coletado em 26/09/2026"
srv_count,numérico (inteiro),Conexões para o mesmo serviço nos últimos 2 segundos,0 a 511,Sim (não admite nulo),"NSL-KDD (CIC/UNB), KDDTrain+/KDDTest+, coletado em 26/09/2026"
serror_rate,numérico (proporção),"% de conexões com erro SYN (mesmo host, 2 s)",0 a 1 (esperado 0 a 1),Sim (não admite nulo),"NSL-KDD (CIC/UNB), KDDTrain+/KDDTest+, coletado em 26/09/2026"
srv_serror_rate,numérico (proporção),"% de conexões com erro SYN (mesmo serviço, 2 s)",0 a 1 (esperado 0 a 1),Sim (não admite nulo),"NSL-KDD (CIC/UNB), KDDTrain+/KDDTest+, coletado em 26/09/2026"
rerror_rate,numérico (proporção),"% de conexões rejeitadas REJ (mesmo host, 2 s)",0 a 1 (esperado 0 a 1),Sim (não admite nulo),"NSL-KDD (CIC/UNB), KDDTrain+/KDDTest+, coletado em 26/09/2026"
srv_rerror_rate,numérico (proporção),"% de conexões rejeitadas REJ (mesmo serviço, 2 s)",0 a 1 (esperado 0 a 1),Sim (não admite nulo),"NSL-KDD (CIC/UNB), KDDTrain+/KDDTest+, coletado em 26/09/2026"
same_srv_rate,numérico (proporção),"% de conexões para o mesmo serviço (mesmo host, 2 s)",0 a 1 (esperado 0 a 1),Sim (não admite nulo),"NSL-KDD (CIC/UNB), KDDTrain+/KDDTest+, coletado em 26/09/2026"
diff_srv_rate,numérico (proporção),"% de conexões para serviços diferentes (mesmo host, 2 s)",0 a 1 (esperado 0 a 1),Sim (não admite nulo),"NSL-KDD (CIC/UNB), KDDTrain+/KDDTest+, coletado em 26/09/2026"
srv_diff_host_rate,numérico (proporção),"% de conexões para hosts diferentes (mesmo serviço, 2 s)",0 a 1 (esperado 0 a 1),Sim (não admite nulo),"NSL-KDD (CIC/UNB), KDDTrain+/KDDTest+, coletado em 26/09/2026"
dst_host_count,numérico (inteiro),Conexões para o mesmo host de destino (últimas 100 conexões),0 a 255,Sim (não admite nulo),"NSL-KDD (CIC/UNB), KDDTrain+/KDDTest+, coletado em 26/09/2026"
dst_host_srv_count,numérico (inteiro),Conexões para o mesmo serviço de destino (últimas 100),0 a 255,Sim (não admite nulo),"NSL-KDD (CIC/UNB), KDDTrain+/KDDTest+, coletado em 26/09/2026"
dst_host_same_srv_rate,numérico (proporção),"% para o mesmo serviço (últimas 100, mesmo host)",0 a 1 (esperado 0 a 1),Sim (não admite nulo),"NSL-KDD (CIC/UNB), KDDTrain+/KDDTest+, coletado em 26/09/2026"
dst_host_diff_srv_rate,numérico (proporção),"% para serviços diferentes (últimas 100, mesmo host)",0 a 1 (esperado 0 a 1),Sim (não admite nulo),"NSL-KDD (CIC/UNB), KDDTrain+/KDDTest+, coletado em 26/09/2026"
dst_host_same_src_port_rate,numérico (proporção),% com a mesma porta de origem (últimas 100),0 a 1 (esperado 0 a 1),Sim (não admite nulo),"NSL-KDD (CIC/UNB), KDDTrain+/KDDTest+, coletado em 26/09/2026"
dst_host_srv_diff_host_rate,numérico (proporção),"% para hosts diferentes (últimas 100, mesmo serviço)",0 a 1 (esperado 0 a 1),Sim (não admite nulo),"NSL-KDD (CIC/UNB), KDDTrain+/KDDTest+, coletado em 26/09/2026"
dst_host_serror_rate,numérico (proporção),"% com erro SYN (últimas 100, mesmo host)",0 a 1 (esperado 0 a 1),Sim (não admite nulo),"NSL-KDD (CIC/UNB), KDDTrain+/KDDTest+, coletado em 26/09/2026"
dst_host_srv_serror_rate,numérico (proporção),"% com erro SYN (últimas 100, mesmo serviço)",0 a 1 (esperado 0 a 1),Sim (não admite nulo),"NSL-KDD (CIC/UNB), KDDTrain+/KDDTest+, coletado em 26/09/2026"
dst_host_rerror_rate,numérico (proporção),"% rejeitadas REJ (últimas 100, mesmo host)",0 a 1 (esperado 0 a 1),Sim (não admite nulo),"NSL-KDD (CIC/UNB), KDDTrain+/KDDTest+, coletado em 26/09/2026"
dst_host_srv_rerror_rate,numérico (proporção),"% rejeitadas REJ (últimas 100, mesmo serviço)",0 a 1 (esperado 0 a 1),Sim (não admite nulo),"NSL-KDD (CIC/UNB), KDDTrain+/KDDTest+, coletado em 26/09/2026"
label,categórico,Rótulo original: normal ou nome do ataque,"40 categorias: apache2, back, buffer_overflow, ftp_write, guess_passwd, httptunnel ...",Sim (não admite nulo),"NSL-KDD (CIC/UNB), KDDTrain+/KDDTest+, coletado em 26/09/2026"
difficulty,numérico (inteiro),Nível de dificuldade do registro (quantos de 21 classificadores de referência acertaram),0 a 21,Sim (não admite nulo),"NSL-KDD (CIC/UNB), KDDTrain+/KDDTest+, coletado em 26/09/2026"
categoria_ataque,categórico,Grupo do ataque,"Normal, DoS, Probe, R2L, U2R",Sim,Derivado de label via MAPA_CATEGORIA
alvo,booleano (0/1),"Variável que o modelo prevê: 0 normal, 1 ataque","{0, 1}",Sim,Derivado de label (label != normal)
ataque_novo,booleano (0/1),1 se o tipo de ataque não existe no treino,"{0, 1}",Sim,Comparação entre rótulos do teste e do treino
origem,categórico,Arquivo de origem do registro,"treino, teste",Sim,Nome do arquivo de coleta
